{"accuracy": 0.761437908496732, "specificity": 0.9511111111111111, "sensitivity": 0.2345679012345679}