{"accuracy": 0.7581699346405228, "specificity": 0.9377777777777778, "sensitivity": 0.25925925925925924}